{
  "mission_assessment": {
    "best_model": "KNN_Euclidean_5",
    "top1_accuracy": 99.43855271366189,
    "top5_accuracy": 100.0,
    "top10_accuracy": 100.0,
    "mrr": 0.9971927635683094,
    "inference_time": 0.18768926300410546,
    "meets_95_percent": true,
    "meets_10ms": true,
    "mission_ready": true
  },
  "feature_engineering": {
    "approach": "Distribution-based features",
    "features_used": 46,
    "feature_breakdown": {
      "thickness_distribution_samples": 20,
      "camber_distribution_samples": 20,
      "scalar_features": 6
    },
    "advantages": [
      "Captures full airfoil shape information",
      "Much better discrimination than scalar features alone",
      "Robust to variations in airfoil complexity"
    ]
  },
  "results": {
    "KNN_Euclidean_5": {
      "top1_accuracy": 99.43855271366189,
      "top5_accuracy": 100.0,
      "mrr": 0.9971927635683094,
      "inference_time_ms": 0.18768926300410546
    },
    "KNN_Euclidean_10": {
      "top1_accuracy": 99.43855271366189,
      "top5_accuracy": 100.0,
      "mrr": 0.9971927635683094,
      "inference_time_ms": 0.008770025899390913
    },
    "KNN_Manhattan_5": {
      "top1_accuracy": 99.12663755458514,
      "top5_accuracy": 100.0,
      "mrr": 0.9956331877729258,
      "inference_time_ms": 0.03634105975079075
    },
    "KNN_Cosine_5": {
      "top1_accuracy": 99.25140361821585,
      "top5_accuracy": 100.0,
      "mrr": 0.9962570180910792,
      "inference_time_ms": 0.14370259685361675
    },
    "Random_Selection": {
      "top1_accuracy": 0.06238303181534623,
      "top5_accuracy": 0.3119151590767312,
      "mrr": 0.0006238303181534623,
      "inference_time_ms": 0.001
    }
  }
}